Year,113 Cause Name,Cause Name,State,Deaths,Age-adjusted Death Rate
1999,"Accidents (unintentional injuries) (V01-X59,Y85-Y86)",Unintentional injuries,Arizona,2214,44.8
1999,"Accidents (unintentional injuries) (V01-X59,Y85-Y86)",Unintentional injuries,New Mexico,969,55.9
1999,"Accidents (unintentional injuries) (V01-X59,Y85-Y86)",Unintentional injuries,Oklahoma,1609,46.3
1999,"Accidents (unintentional injuries) (V01-X59,Y85-Y86)",Unintentional injuries,Texas,7227,37.6
1999,All Causes,All causes,Arizona,40050,818.4
1999,All Causes,All causes,New Mexico,13676,842.2
1999,All Causes,All causes,Oklahoma,34700,979.0
1999,All Causes,All causes,Texas,146858,886.6
1999,Alzheimer's disease (G30),Alzheimer's disease,Arizona,963,20.8
1999,Alzheimer's disease (G30),Alzheimer's disease,New Mexico,248,16.4
1999,Alzheimer's disease (G30),Alzheimer's disease,Oklahoma,553,15.4
1999,Alzheimer's disease (G30),Alzheimer's disease,Texas,2833,18.5
1999,Cerebrovascular diseases (I60-I69),Stroke,Arizona,2600,54.4
1999,Cerebrovascular diseases (I60-I69),Stroke,New Mexico,817,52.5
1999,Cerebrovascular diseases (I60-I69),Stroke,Oklahoma,2481,69.6
1999,Cerebrovascular diseases (I60-I69),Stroke,Texas,10414,65.9
1999,Chronic lower respiratory diseases (J40-J47),CLRD,Arizona,2553,51.2
1999,Chronic lower respiratory diseases (J40-J47),CLRD,New Mexico,848,52.9
1999,Chronic lower respiratory diseases (J40-J47),CLRD,Oklahoma,1751,49.3
1999,Chronic lower respiratory diseases (J40-J47),CLRD,Texas,7518,46.8
1999,Diabetes mellitus (E10-E14),Diabetes,Arizona,1063,21.5
1999,Diabetes mellitus (E10-E14),Diabetes,New Mexico,517,31.4
1999,Diabetes mellitus (E10-E14),Diabetes,Oklahoma,986,27.9
1999,Diabetes mellitus (E10-E14),Diabetes,Texas,4931,29.9
1999,"Diseases of heart (I00-I09,I11,I13,I20-I51)",Heart disease,Arizona,10800,223.1
1999,"Diseases of heart (I00-I09,I11,I13,I20-I51)",Heart disease,New Mexico,3452,218.0
1999,"Diseases of heart (I00-I09,I11,I13,I20-I51)",Heart disease,Oklahoma,11263,316.1
1999,"Diseases of heart (I00-I09,I11,I13,I20-I51)",Heart disease,Texas,43418,270.1
1999,Influenza and pneumonia (J09-J18),Influenza and pneumonia,Arizona,1287,27.2
1999,Influenza and pneumonia (J09-J18),Influenza and pneumonia,New Mexico,374,24.2
1999,Influenza and pneumonia (J09-J18),Influenza and pneumonia,Oklahoma,1007,28.1
1999,Influenza and pneumonia (J09-J18),Influenza and pneumonia,Texas,3534,22.4
1999,"Intentional self-harm (suicide) (*U03,X60-X84,Y87.0)",Suicide,Arizona,766,15.5
1999,"Intentional self-harm (suicide) (*U03,X60-X84,Y87.0)",Suicide,New Mexico,318,18.1
1999,"Intentional self-harm (suicide) (*U03,X60-X84,Y87.0)",Suicide,Oklahoma,492,14.4
1999,"Intentional self-harm (suicide) (*U03,X60-X84,Y87.0)",Suicide,Texas,2005,10.2
1999,Malignant neoplasms (C00-C97),Cancer,Arizona,9006,179.9
1999,Malignant neoplasms (C00-C97),Cancer,New Mexico,2857,173.3
1999,Malignant neoplasms (C00-C97),Cancer,Oklahoma,7312,206.7
1999,Malignant neoplasms (C00-C97),Cancer,Texas,32755,196.1
1999,"Nephritis, nephrotic syndrome and nephrosis (N00-N07,N17-N19,N25-N27)",Kidney disease,Arizona,544,11.1
1999,"Nephritis, nephrotic syndrome and nephrosis (N00-N07,N17-N19,N25-N27)",Kidney disease,New Mexico,162,10.1
1999,"Nephritis, nephrotic syndrome and nephrosis (N00-N07,N17-N19,N25-N27)",Kidney disease,Oklahoma,425,11.9
1999,"Nephritis, nephrotic syndrome and nephrosis (N00-N07,N17-N19,N25-N27)",Kidney disease,Texas,1669,10.3
2000,"Accidents (unintentional injuries) (V01-X59,Y85-Y86)",Unintentional injuries,Arizona,2326,46.3
2000,"Accidents (unintentional injuries) (V01-X59,Y85-Y86)",Unintentional injuries,New Mexico,995,56.8
2000,"Accidents (unintentional injuries) (V01-X59,Y85-Y86)",Unintentional injuries,Oklahoma,1566,44.9
2000,"Accidents (unintentional injuries) (V01-X59,Y85-Y86)",Unintentional injuries,Texas,7407,37.6
2000,All Causes,All causes,Arizona,40500,810.4
2000,All Causes,All causes,New Mexico,13425,808.6
2000,All Causes,All causes,Oklahoma,35079,983.0
2000,All Causes,All causes,Texas,149939,891.0
2000,Alzheimer's disease (G30),Alzheimer's disease,Arizona,1045,22.0
2000,Alzheimer's disease (G30),Alzheimer's disease,New Mexico,275,17.7
2000,Alzheimer's disease (G30),Alzheimer's disease,Oklahoma,638,17.7
2000,Alzheimer's disease (G30),Alzheimer's disease,Texas,3184,20.5
2000,Cerebrovascular diseases (I60-I69),Stroke,Arizona,2648,53.8
2000,Cerebrovascular diseases (I60-I69),Stroke,New Mexico,813,50.6
2000,Cerebrovascular diseases (I60-I69),Stroke,Oklahoma,2493,69.5
2000,Cerebrovascular diseases (I60-I69),Stroke,Texas,10684,66.5
2000,Chronic lower respiratory diseases (J40-J47),CLRD,Arizona,2508,49.3
2000,Chronic lower respiratory diseases (J40-J47),CLRD,New Mexico,767,46.9
2000,Chronic lower respiratory diseases (J40-J47),CLRD,Oklahoma,1980,55.2
2000,Chronic lower respiratory diseases (J40-J47),CLRD,Texas,7286,44.7
2000,Diabetes mellitus (E10-E14),Diabetes,Arizona,1012,20.0
2000,Diabetes mellitus (E10-E14),Diabetes,New Mexico,485,29.1
2000,Diabetes mellitus (E10-E14),Diabetes,Oklahoma,978,27.5
2000,Diabetes mellitus (E10-E14),Diabetes,Texas,5196,31.1
2000,"Diseases of heart (I00-I09,I11,I13,I20-I51)",Heart disease,Arizona,10584,214.0
2000,"Diseases of heart (I00-I09,I11,I13,I20-I51)",Heart disease,New Mexico,3191,196.6
2000,"Diseases of heart (I00-I09,I11,I13,I20-I51)",Heart disease,Oklahoma,11297,315.0
2000,"Diseases of heart (I00-I09,I11,I13,I20-I51)",Heart disease,Texas,43020,263.5
2000,Influenza and pneumonia (J09-J18),Influenza and pneumonia,Arizona,1222,25.2
2000,Influenza and pneumonia (J09-J18),Influenza and pneumonia,New Mexico,290,18.2
2000,Influenza and pneumonia (J09-J18),Influenza and pneumonia,Oklahoma,885,24.6
2000,Influenza and pneumonia (J09-J18),Influenza and pneumonia,Texas,3706,23.1
2000,"Intentional self-harm (suicide) (*U03,X60-X84,Y87.0)",Suicide,Arizona,784,15.6
2000,"Intentional self-harm (suicide) (*U03,X60-X84,Y87.0)",Suicide,New Mexico,327,18.3
2000,"Intentional self-harm (suicide) (*U03,X60-X84,Y87.0)",Suicide,Oklahoma,497,14.6
2000,"Intentional self-harm (suicide) (*U03,X60-X84,Y87.0)",Suicide,Texas,2053,10.2
2000,Malignant neoplasms (C00-C97),Cancer,Arizona,9073,177.9
2000,Malignant neoplasms (C00-C97),Cancer,New Mexico,2906,172.3
2000,Malignant neoplasms (C00-C97),Cancer,Oklahoma,7402,207.4
2000,Malignant neoplasms (C00-C97),Cancer,Texas,33300,196.3
2000,"Nephritis, nephrotic syndrome and nephrosis (N00-N07,N17-N19,N25-N27)",Kidney disease,Arizona,614,12.2
2000,"Nephritis, nephrotic syndrome and nephrosis (N00-N07,N17-N19,N25-N27)",Kidney disease,New Mexico,152,9.3
2000,"Nephritis, nephrotic syndrome and nephrosis (N00-N07,N17-N19,N25-N27)",Kidney disease,Oklahoma,536,15.0
2000,"Nephritis, nephrotic syndrome and nephrosis (N00-N07,N17-N19,N25-N27)",Kidney disease,Texas,1870,11.4
2001,"Accidents (unintentional injuries) (V01-X59,Y85-Y86)",Unintentional injuries,Arizona,2475,47.6
2001,"Accidents (unintentional injuries) (V01-X59,Y85-Y86)",Unintentional injuries,New Mexico,1020,57.7
2001,"Accidents (unintentional injuries) (V01-X59,Y85-Y86)",Unintentional injuries,Oklahoma,1700,48.5
2001,"Accidents (unintentional injuries) (V01-X59,Y85-Y86)",Unintentional injuries,Texas,7920,39.7
2001,All Causes,All causes,Arizona,41058,795.9
2001,All Causes,All causes,New Mexico,14129,829.5
2001,All Causes,All causes,Oklahoma,34682,968.5
2001,All Causes,All causes,Texas,152779,888.9
2001,Alzheimer's disease (G30),Alzheimer's disease,Arizona,1108,22.7
2001,Alzheimer's disease (G30),Alzheimer's disease,New Mexico,297,18.6
2001,Alzheimer's disease (G30),Alzheimer's disease,Oklahoma,682,19.0
2001,Alzheimer's disease (G30),Alzheimer's disease,Texas,3439,21.9
2001,Cerebrovascular diseases (I60-I69),Stroke,Arizona,2480,49.0
2001,Cerebrovascular diseases (I60-I69),Stroke,New Mexico,824,50.1
2001,Cerebrovascular diseases (I60-I69),Stroke,Oklahoma,2384,66.4
2001,Cerebrovascular diseases (I60-I69),Stroke,Texas,10612,65.0
2001,Chronic lower respiratory diseases (J40-J47),CLRD,Arizona,2499,47.7
2001,Chronic lower respiratory diseases (J40-J47),CLRD,New Mexico,775,45.8
2001,Chronic lower respiratory diseases (J40-J47),CLRD,Oklahoma,1922,53.3
2001,Chronic lower respiratory diseases (J40-J47),CLRD,Texas,7739,46.7
2001,Diabetes mellitus (E10-E14),Diabetes,Arizona,1058,20.3
2001,Diabetes mellitus (E10-E14),Diabetes,New Mexico,538,31.5
2001,Diabetes mellitus (E10-E14),Diabetes,Oklahoma,1065,29.7
2001,Diabetes mellitus (E10-E14),Diabetes,Texas,5456,31.9
2001,"Diseases of heart (I00-I09,I11,I13,I20-I51)",Heart disease,Arizona,10588,207.3
2001,"Diseases of heart (I00-I09,I11,I13,I20-I51)",Heart disease,New Mexico,3423,204.8
2001,"Diseases of heart (I00-I09,I11,I13,I20-I51)",Heart disease,Oklahoma,10840,301.6
2001,"Diseases of heart (I00-I09,I11,I13,I20-I51)",Heart disease,Texas,43199,259.1
2001,Influenza and pneumonia (J09-J18),Influenza and pneumonia,Arizona,1133,22.6
2001,Influenza and pneumonia (J09-J18),Influenza and pneumonia,New Mexico,398,24.3
2001,Influenza and pneumonia (J09-J18),Influenza and pneumonia,Oklahoma,913,25.5
2001,Influenza and pneumonia (J09-J18),Influenza and pneumonia,Texas,3608,22.2
2001,"Intentional self-harm (suicide) (*U03,X60-X84,Y87.0)",Suicide,Arizona,767,14.8
2001,"Intentional self-harm (suicide) (*U03,X60-X84,Y87.0)",Suicide,New Mexico,362,20.3
2001,"Intentional self-harm (suicide) (*U03,X60-X84,Y87.0)",Suicide,Oklahoma,515,14.9
2001,"Intentional self-harm (suicide) (*U03,X60-X84,Y87.0)",Suicide,Texas,2225,10.9
2001,Malignant neoplasms (C00-C97),Cancer,Arizona,9143,173.8
2001,Malignant neoplasms (C00-C97),Cancer,New Mexico,2900,167.3
2001,Malignant neoplasms (C00-C97),Cancer,Oklahoma,7411,206.3
2001,Malignant neoplasms (C00-C97),Cancer,Texas,33488,192.6
2001,"Nephritis, nephrotic syndrome and nephrosis (N00-N07,N17-N19,N25-N27)",Kidney disease,Arizona,644,12.5
2001,"Nephritis, nephrotic syndrome and nephrosis (N00-N07,N17-N19,N25-N27)",Kidney disease,New Mexico,172,10.3
2001,"Nephritis, nephrotic syndrome and nephrosis (N00-N07,N17-N19,N25-N27)",Kidney disease,Oklahoma,567,15.8
2001,"Nephritis, nephrotic syndrome and nephrosis (N00-N07,N17-N19,N25-N27)",Kidney disease,Texas,2269,13.6
2002,"Accidents (unintentional injuries) (V01-X59,Y85-Y86)",Unintentional injuries,Arizona,2577,48.6
2002,"Accidents (unintentional injuries) (V01-X59,Y85-Y86)",Unintentional injuries,New Mexico,1105,61.4
2002,"Accidents (unintentional injuries) (V01-X59,Y85-Y86)",Unintentional injuries,Oklahoma,1580,44.9
2002,"Accidents (unintentional injuries) (V01-X59,Y85-Y86)",Unintentional injuries,Texas,8232,40.4
2002,All Causes,All causes,Arizona,42816,811.2
2002,All Causes,All causes,New Mexico,14344,823.8
2002,All Causes,All causes,Oklahoma,35502,986.4
2002,All Causes,All causes,Texas,155524,888.4
2002,Alzheimer's disease (G30),Alzheimer's disease,Arizona,1433,28.7
2002,Alzheimer's disease (G30),Alzheimer's disease,New Mexico,325,19.9
2002,Alzheimer's disease (G30),Alzheimer's disease,Oklahoma,754,21.1
2002,Alzheimer's disease (G30),Alzheimer's disease,Texas,3793,23.9
2002,Cerebrovascular diseases (I60-I69),Stroke,Arizona,2535,49.1
2002,Cerebrovascular diseases (I60-I69),Stroke,New Mexico,715,42.2
2002,Cerebrovascular diseases (I60-I69),Stroke,Oklahoma,2427,67.5
2002,Cerebrovascular diseases (I60-I69),Stroke,Texas,10548,63.6
2002,Chronic lower respiratory diseases (J40-J47),CLRD,Arizona,2575,48.4
2002,Chronic lower respiratory diseases (J40-J47),CLRD,New Mexico,857,49.7
2002,Chronic lower respiratory diseases (J40-J47),CLRD,Oklahoma,1988,54.8
2002,Chronic lower respiratory diseases (J40-J47),CLRD,Texas,7720,45.7
2002,Diabetes mellitus (E10-E14),Diabetes,Arizona,1231,23.0
2002,Diabetes mellitus (E10-E14),Diabetes,New Mexico,582,33.0
2002,Diabetes mellitus (E10-E14),Diabetes,Oklahoma,1064,29.5
2002,Diabetes mellitus (E10-E14),Diabetes,Texas,5654,32.3
2002,"Diseases of heart (I00-I09,I11,I13,I20-I51)",Heart disease,Arizona,10852,207.9
2002,"Diseases of heart (I00-I09,I11,I13,I20-I51)",Heart disease,New Mexico,3360,196.4
2002,"Diseases of heart (I00-I09,I11,I13,I20-I51)",Heart disease,Oklahoma,11230,311.3
2002,"Diseases of heart (I00-I09,I11,I13,I20-I51)",Heart disease,Texas,43452,256.3
2002,Influenza and pneumonia (J09-J18),Influenza and pneumonia,Arizona,1319,25.6
2002,Influenza and pneumonia (J09-J18),Influenza and pneumonia,New Mexico,372,22.3
2002,Influenza and pneumonia (J09-J18),Influenza and pneumonia,Oklahoma,914,25.5
2002,Influenza and pneumonia (J09-J18),Influenza and pneumonia,Texas,3673,22.3
2002,"Intentional self-harm (suicide) (*U03,X60-X84,Y87.0)",Suicide,Arizona,886,16.6
2002,"Intentional self-harm (suicide) (*U03,X60-X84,Y87.0)",Suicide,New Mexico,349,19.2
2002,"Intentional self-harm (suicide) (*U03,X60-X84,Y87.0)",Suicide,Oklahoma,501,14.4
2002,"Intentional self-harm (suicide) (*U03,X60-X84,Y87.0)",Suicide,Texas,2311,11.1
2002,Malignant neoplasms (C00-C97),Cancer,Arizona,9359,173.2
2002,Malignant neoplasms (C00-C97),Cancer,New Mexico,3067,173.2
2002,Malignant neoplasms (C00-C97),Cancer,Oklahoma,7474,205.7
2002,Malignant neoplasms (C00-C97),Cancer,Texas,34164,192.2
2002,"Nephritis, nephrotic syndrome and nephrosis (N00-N07,N17-N19,N25-N27)",Kidney disease,Arizona,622,11.9
2002,"Nephritis, nephrotic syndrome and nephrosis (N00-N07,N17-N19,N25-N27)",Kidney disease,New Mexico,220,12.9
2002,"Nephritis, nephrotic syndrome and nephrosis (N00-N07,N17-N19,N25-N27)",Kidney disease,Oklahoma,500,13.9
2002,"Nephritis, nephrotic syndrome and nephrosis (N00-N07,N17-N19,N25-N27)",Kidney disease,Texas,2166,12.7
2003,"Accidents (unintentional injuries) (V01-X59,Y85-Y86)",Unintentional injuries,Arizona,2697,49.8
2003,"Accidents (unintentional injuries) (V01-X59,Y85-Y86)",Unintentional injuries,New Mexico,1227,67.3
2003,"Accidents (unintentional injuries) (V01-X59,Y85-Y86)",Unintentional injuries,Oklahoma,1748,49.9
2003,"Accidents (unintentional injuries) (V01-X59,Y85-Y86)",Unintentional injuries,Texas,8425,40.8
2003,All Causes,All causes,Arizona,43392,798.4
2003,All Causes,All causes,New Mexico,14805,832.1
2003,All Causes,All causes,Oklahoma,35721,986.5
2003,All Causes,All causes,Texas,154870,865.1
2003,Alzheimer's disease (G30),Alzheimer's disease,Arizona,1703,32.9
2003,Alzheimer's disease (G30),Alzheimer's disease,New Mexico,360,21.6
2003,Alzheimer's disease (G30),Alzheimer's disease,Oklahoma,794,22.1
2003,Alzheimer's disease (G30),Alzheimer's disease,Texas,4015,24.9
2003,Cerebrovascular diseases (I60-I69),Stroke,Arizona,2428,45.5
2003,Cerebrovascular diseases (I60-I69),Stroke,New Mexico,770,44.6
2003,Cerebrovascular diseases (I60-I69),Stroke,Oklahoma,2485,68.9
2003,Cerebrovascular diseases (I60-I69),Stroke,Texas,10303,60.8
2003,Chronic lower respiratory diseases (J40-J47),CLRD,Arizona,2560,46.5
2003,Chronic lower respiratory diseases (J40-J47),CLRD,New Mexico,936,53.3
2003,Chronic lower respiratory diseases (J40-J47),CLRD,Oklahoma,2160,59.0
2003,Chronic lower respiratory diseases (J40-J47),CLRD,Texas,7567,43.8
2003,Diabetes mellitus (E10-E14),Diabetes,Arizona,1153,20.9
2003,Diabetes mellitus (E10-E14),Diabetes,New Mexico,599,33.2
2003,Diabetes mellitus (E10-E14),Diabetes,Oklahoma,1104,30.4
2003,Diabetes mellitus (E10-E14),Diabetes,Texas,5668,31.6
2003,"Diseases of heart (I00-I09,I11,I13,I20-I51)",Heart disease,Arizona,10887,202.2
2003,"Diseases of heart (I00-I09,I11,I13,I20-I51)",Heart disease,New Mexico,3402,194.8
2003,"Diseases of heart (I00-I09,I11,I13,I20-I51)",Heart disease,Oklahoma,11061,304.9
2003,"Diseases of heart (I00-I09,I11,I13,I20-I51)",Heart disease,Texas,41779,241.2
2003,Influenza and pneumonia (J09-J18),Influenza and pneumonia,Arizona,1286,24.2
2003,Influenza and pneumonia (J09-J18),Influenza and pneumonia,New Mexico,369,21.6
2003,Influenza and pneumonia (J09-J18),Influenza and pneumonia,Oklahoma,949,26.4
2003,Influenza and pneumonia (J09-J18),Influenza and pneumonia,Texas,3613,21.4
2003,"Intentional self-harm (suicide) (*U03,X60-X84,Y87.0)",Suicide,Arizona,840,15.5
2003,"Intentional self-harm (suicide) (*U03,X60-X84,Y87.0)",Suicide,New Mexico,343,18.6
2003,"Intentional self-harm (suicide) (*U03,X60-X84,Y87.0)",Suicide,Oklahoma,476,13.7
2003,"Intentional self-harm (suicide) (*U03,X60-X84,Y87.0)",Suicide,Texas,2363,11.1
2003,Malignant neoplasms (C00-C97),Cancer,Arizona,9627,173.0
2003,Malignant neoplasms (C00-C97),Cancer,New Mexico,3103,170.1
2003,Malignant neoplasms (C00-C97),Cancer,Oklahoma,7338,199.8
2003,Malignant neoplasms (C00-C97),Cancer,Texas,33867,186.1
2003,"Nephritis, nephrotic syndrome and nephrosis (N00-N07,N17-N19,N25-N27)",Kidney disease,Arizona,563,10.4
2003,"Nephritis, nephrotic syndrome and nephrosis (N00-N07,N17-N19,N25-N27)",Kidney disease,New Mexico,217,12.3
2003,"Nephritis, nephrotic syndrome and nephrosis (N00-N07,N17-N19,N25-N27)",Kidney disease,Oklahoma,566,15.7
2003,"Nephritis, nephrotic syndrome and nephrosis (N00-N07,N17-N19,N25-N27)",Kidney disease,Texas,2678,15.4
2004,"Accidents (unintentional injuries) (V01-X59,Y85-Y86)",Unintentional injuries,Arizona,2770,49.3
2004,"Accidents (unintentional injuries) (V01-X59,Y85-Y86)",Unintentional injuries,New Mexico,1223,66.0
2004,"Accidents (unintentional injuries) (V01-X59,Y85-Y86)",Unintentional injuries,Oklahoma,1947,55.0
2004,"Accidents (unintentional injuries) (V01-X59,Y85-Y86)",Unintentional injuries,Texas,8323,39.7
2004,All Causes,All causes,Arizona,43198,771.1
2004,All Causes,All causes,New Mexico,14298,786.7
2004,All Causes,All causes,Oklahoma,34483,945.6
2004,All Causes,All causes,Texas,152870,835.9
2004,Alzheimer's disease (G30),Alzheimer's disease,Arizona,1675,31.6
2004,Alzheimer's disease (G30),Alzheimer's disease,New Mexico,328,19.3
2004,Alzheimer's disease (G30),Alzheimer's disease,Oklahoma,867,24.2
2004,Alzheimer's disease (G30),Alzheimer's disease,Texas,4336,26.4
2004,Cerebrovascular diseases (I60-I69),Stroke,Arizona,2446,44.6
2004,Cerebrovascular diseases (I60-I69),Stroke,New Mexico,721,41.1
2004,Cerebrovascular diseases (I60-I69),Stroke,Oklahoma,2183,60.3
2004,Cerebrovascular diseases (I60-I69),Stroke,Texas,9853,56.9
2004,Chronic lower respiratory diseases (J40-J47),CLRD,Arizona,2416,42.9
2004,Chronic lower respiratory diseases (J40-J47),CLRD,New Mexico,753,42.0
2004,Chronic lower respiratory diseases (J40-J47),CLRD,Oklahoma,1985,53.9
2004,Chronic lower respiratory diseases (J40-J47),CLRD,Texas,7402,41.9
2004,Diabetes mellitus (E10-E14),Diabetes,Arizona,1196,21.0
2004,Diabetes mellitus (E10-E14),Diabetes,New Mexico,590,31.9
2004,Diabetes mellitus (E10-E14),Diabetes,Oklahoma,1139,30.9
2004,Diabetes mellitus (E10-E14),Diabetes,Texas,5435,29.7
2004,"Diseases of heart (I00-I09,I11,I13,I20-I51)",Heart disease,Arizona,10539,190.0
2004,"Diseases of heart (I00-I09,I11,I13,I20-I51)",Heart disease,New Mexico,3264,183.1
2004,"Diseases of heart (I00-I09,I11,I13,I20-I51)",Heart disease,Oklahoma,10335,283.2
2004,"Diseases of heart (I00-I09,I11,I13,I20-I51)",Heart disease,Texas,40196,226.9
2004,Influenza and pneumonia (J09-J18),Influenza and pneumonia,Arizona,1111,20.3
2004,Influenza and pneumonia (J09-J18),Influenza and pneumonia,New Mexico,308,17.7
2004,Influenza and pneumonia (J09-J18),Influenza and pneumonia,Oklahoma,810,22.5
2004,Influenza and pneumonia (J09-J18),Influenza and pneumonia,Texas,3209,18.6
2004,"Intentional self-harm (suicide) (*U03,X60-X84,Y87.0)",Suicide,Arizona,880,15.8
2004,"Intentional self-harm (suicide) (*U03,X60-X84,Y87.0)",Suicide,New Mexico,356,18.8
2004,"Intentional self-harm (suicide) (*U03,X60-X84,Y87.0)",Suicide,Oklahoma,506,14.4
2004,"Intentional self-harm (suicide) (*U03,X60-X84,Y87.0)",Suicide,Texas,2300,10.7
2004,Malignant neoplasms (C00-C97),Cancer,Arizona,9618,167.5
2004,Malignant neoplasms (C00-C97),Cancer,New Mexico,3036,162.5
2004,Malignant neoplasms (C00-C97),Cancer,Oklahoma,7269,196.0
2004,Malignant neoplasms (C00-C97),Cancer,Texas,33937,182.1
2004,"Nephritis, nephrotic syndrome and nephrosis (N00-N07,N17-N19,N25-N27)",Kidney disease,Arizona,634,11.2
2004,"Nephritis, nephrotic syndrome and nephrosis (N00-N07,N17-N19,N25-N27)",Kidney disease,New Mexico,227,12.6
2004,"Nephritis, nephrotic syndrome and nephrosis (N00-N07,N17-N19,N25-N27)",Kidney disease,Oklahoma,565,15.5
2004,"Nephritis, nephrotic syndrome and nephrosis (N00-N07,N17-N19,N25-N27)",Kidney disease,Texas,2561,14.4
2005,"Accidents (unintentional injuries) (V01-X59,Y85-Y86)",Unintentional injuries,Arizona,3150,54.7
2005,"Accidents (unintentional injuries) (V01-X59,Y85-Y86)",Unintentional injuries,New Mexico,1267,67.0
2005,"Accidents (unintentional injuries) (V01-X59,Y85-Y86)",Unintentional injuries,Oklahoma,2005,56.1
2005,"Accidents (unintentional injuries) (V01-X59,Y85-Y86)",Unintentional injuries,Texas,8598,40.4
2005,All Causes,All causes,Arizona,45827,786.7
2005,All Causes,All causes,New Mexico,14983,800.1
2005,All Causes,All causes,Oklahoma,36180,981.4
2005,All Causes,All causes,Texas,156457,832.1
2005,Alzheimer's disease (G30),Alzheimer's disease,Arizona,1831,33.0
2005,Alzheimer's disease (G30),Alzheimer's disease,New Mexico,327,18.7
2005,Alzheimer's disease (G30),Alzheimer's disease,Oklahoma,1012,28.0
2005,Alzheimer's disease (G30),Alzheimer's disease,Texas,4629,27.4
2005,Cerebrovascular diseases (I60-I69),Stroke,Arizona,2364,41.4
2005,Cerebrovascular diseases (I60-I69),Stroke,New Mexico,730,40.1
2005,Cerebrovascular diseases (I60-I69),Stroke,Oklahoma,2235,60.9
2005,Cerebrovascular diseases (I60-I69),Stroke,Texas,9366,52.4
2005,Chronic lower respiratory diseases (J40-J47),CLRD,Arizona,2821,48.0
2005,Chronic lower respiratory diseases (J40-J47),CLRD,New Mexico,855,46.2
2005,Chronic lower respiratory diseases (J40-J47),CLRD,Oklahoma,2368,63.6
2005,Chronic lower respiratory diseases (J40-J47),CLRD,Texas,7988,44.1
2005,Diabetes mellitus (E10-E14),Diabetes,Arizona,1208,20.4
2005,Diabetes mellitus (E10-E14),Diabetes,New Mexico,595,31.4
2005,Diabetes mellitus (E10-E14),Diabetes,Oklahoma,1217,32.6
2005,Diabetes mellitus (E10-E14),Diabetes,Texas,5605,29.7
2005,"Diseases of heart (I00-I09,I11,I13,I20-I51)",Heart disease,Arizona,10966,189.8
2005,"Diseases of heart (I00-I09,I11,I13,I20-I51)",Heart disease,New Mexico,3435,186.3
2005,"Diseases of heart (I00-I09,I11,I13,I20-I51)",Heart disease,Oklahoma,10043,272.4
2005,"Diseases of heart (I00-I09,I11,I13,I20-I51)",Heart disease,Texas,40152,220.4
2005,Influenza and pneumonia (J09-J18),Influenza and pneumonia,Arizona,1297,22.6
2005,Influenza and pneumonia (J09-J18),Influenza and pneumonia,New Mexico,353,19.4
2005,Influenza and pneumonia (J09-J18),Influenza and pneumonia,Oklahoma,948,26.1
2005,Influenza and pneumonia (J09-J18),Influenza and pneumonia,Texas,3654,20.5
2005,"Intentional self-harm (suicide) (*U03,X60-X84,Y87.0)",Suicide,Arizona,945,16.4
2005,"Intentional self-harm (suicide) (*U03,X60-X84,Y87.0)",Suicide,New Mexico,342,17.8
2005,"Intentional self-harm (suicide) (*U03,X60-X84,Y87.0)",Suicide,Oklahoma,522,14.8
2005,"Intentional self-harm (suicide) (*U03,X60-X84,Y87.0)",Suicide,Texas,2418,10.9
2005,Malignant neoplasms (C00-C97),Cancer,Arizona,9820,164.2
2005,Malignant neoplasms (C00-C97),Cancer,New Mexico,3141,162.9
2005,Malignant neoplasms (C00-C97),Cancer,Oklahoma,7446,198.0
2005,Malignant neoplasms (C00-C97),Cancer,Texas,34291,178.9
2005,"Nephritis, nephrotic syndrome and nephrosis (N00-N07,N17-N19,N25-N27)",Kidney disease,Arizona,608,10.5
2005,"Nephritis, nephrotic syndrome and nephrosis (N00-N07,N17-N19,N25-N27)",Kidney disease,New Mexico,239,13.0
2005,"Nephritis, nephrotic syndrome and nephrosis (N00-N07,N17-N19,N25-N27)",Kidney disease,Oklahoma,564,15.3
2005,"Nephritis, nephrotic syndrome and nephrosis (N00-N07,N17-N19,N25-N27)",Kidney disease,Texas,2729,14.9
2006,"Accidents (unintentional injuries) (V01-X59,Y85-Y86)",Unintentional injuries,Arizona,3352,56.0
2006,"Accidents (unintentional injuries) (V01-X59,Y85-Y86)",Unintentional injuries,New Mexico,1297,67.6
2006,"Accidents (unintentional injuries) (V01-X59,Y85-Y86)",Unintentional injuries,Oklahoma,2039,56.6
2006,"Accidents (unintentional injuries) (V01-X59,Y85-Y86)",Unintentional injuries,Texas,9140,41.6
2006,All Causes,All causes,Arizona,46365,767.1
2006,All Causes,All causes,New Mexico,15296,793.1
2006,All Causes,All causes,Oklahoma,35427,942.5
2006,All Causes,All causes,Texas,157150,807.7
2006,Alzheimer's disease (G30),Alzheimer's disease,Arizona,2066,35.8
2006,Alzheimer's disease (G30),Alzheimer's disease,New Mexico,348,19.3
2006,Alzheimer's disease (G30),Alzheimer's disease,Oklahoma,928,25.2
2006,Alzheimer's disease (G30),Alzheimer's disease,Texas,4887,27.9
2006,Cerebrovascular diseases (I60-I69),Stroke,Arizona,2226,37.5
2006,Cerebrovascular diseases (I60-I69),Stroke,New Mexico,739,39.3
2006,Cerebrovascular diseases (I60-I69),Stroke,Oklahoma,2085,55.7
2006,Cerebrovascular diseases (I60-I69),Stroke,Texas,9366,50.4
2006,Chronic lower respiratory diseases (J40-J47),CLRD,Arizona,2799,46.0
2006,Chronic lower respiratory diseases (J40-J47),CLRD,New Mexico,888,46.5
2006,Chronic lower respiratory diseases (J40-J47),CLRD,Oklahoma,2192,57.6
2006,Chronic lower respiratory diseases (J40-J47),CLRD,Texas,7639,40.8
2006,Diabetes mellitus (E10-E14),Diabetes,Arizona,1206,19.6
2006,Diabetes mellitus (E10-E14),Diabetes,New Mexico,606,30.6
2006,Diabetes mellitus (E10-E14),Diabetes,Oklahoma,1166,30.6
2006,Diabetes mellitus (E10-E14),Diabetes,Texas,5201,26.5
2006,"Diseases of heart (I00-I09,I11,I13,I20-I51)",Heart disease,Arizona,10607,176.5
2006,"Diseases of heart (I00-I09,I11,I13,I20-I51)",Heart disease,New Mexico,3411,179.5
2006,"Diseases of heart (I00-I09,I11,I13,I20-I51)",Heart disease,Oklahoma,9798,260.1
2006,"Diseases of heart (I00-I09,I11,I13,I20-I51)",Heart disease,Texas,38782,205.2
2006,Influenza and pneumonia (J09-J18),Influenza and pneumonia,Arizona,1166,19.6
2006,Influenza and pneumonia (J09-J18),Influenza and pneumonia,New Mexico,353,18.9
2006,Influenza and pneumonia (J09-J18),Influenza and pneumonia,Oklahoma,879,23.6
2006,Influenza and pneumonia (J09-J18),Influenza and pneumonia,Texas,3342,18.2
2006,"Intentional self-harm (suicide) (*U03,X60-X84,Y87.0)",Suicide,Arizona,979,16.3
2006,"Intentional self-harm (suicide) (*U03,X60-X84,Y87.0)",Suicide,New Mexico,352,17.9
2006,"Intentional self-harm (suicide) (*U03,X60-X84,Y87.0)",Suicide,Oklahoma,537,15.0
2006,"Intentional self-harm (suicide) (*U03,X60-X84,Y87.0)",Suicide,Texas,2347,10.3
2006,Malignant neoplasms (C00-C97),Cancer,Arizona,9919,160.0
2006,Malignant neoplasms (C00-C97),Cancer,New Mexico,3147,158.5
2006,Malignant neoplasms (C00-C97),Cancer,Oklahoma,7491,195.2
2006,Malignant neoplasms (C00-C97),Cancer,Texas,34939,176.1
2006,"Nephritis, nephrotic syndrome and nephrosis (N00-N07,N17-N19,N25-N27)",Kidney disease,Arizona,565,9.3
2006,"Nephritis, nephrotic syndrome and nephrosis (N00-N07,N17-N19,N25-N27)",Kidney disease,New Mexico,262,13.4
2006,"Nephritis, nephrotic syndrome and nephrosis (N00-N07,N17-N19,N25-N27)",Kidney disease,Oklahoma,594,15.9
2006,"Nephritis, nephrotic syndrome and nephrosis (N00-N07,N17-N19,N25-N27)",Kidney disease,Texas,2995,15.8
2007,"Accidents (unintentional injuries) (V01-X59,Y85-Y86)",Unintentional injuries,Arizona,3161,51.9
2007,"Accidents (unintentional injuries) (V01-X59,Y85-Y86)",Unintentional injuries,New Mexico,1329,67.7
2007,"Accidents (unintentional injuries) (V01-X59,Y85-Y86)",Unintentional injuries,Oklahoma,2149,58.8
2007,"Accidents (unintentional injuries) (V01-X59,Y85-Y86)",Unintentional injuries,Texas,9392,42.0
2007,All Causes,All causes,Arizona,45554,731.0
2007,All Causes,All causes,New Mexico,15482,778.6
2007,All Causes,All causes,Oklahoma,36032,945.1
2007,All Causes,All causes,Texas,160548,803.1
2007,Alzheimer's disease (G30),Alzheimer's disease,Arizona,2051,34.2
2007,Alzheimer's disease (G30),Alzheimer's disease,New Mexico,322,17.1
2007,Alzheimer's disease (G30),Alzheimer's disease,Oklahoma,927,24.8
2007,Alzheimer's disease (G30),Alzheimer's disease,Texas,4814,26.8
2007,Cerebrovascular diseases (I60-I69),Stroke,Arizona,2207,35.9
2007,Cerebrovascular diseases (I60-I69),Stroke,New Mexico,804,41.3
2007,Cerebrovascular diseases (I60-I69),Stroke,Oklahoma,2126,56.2
2007,Cerebrovascular diseases (I60-I69),Stroke,Texas,9796,51.5
2007,Chronic lower respiratory diseases (J40-J47),CLRD,Arizona,2686,42.9
2007,Chronic lower respiratory diseases (J40-J47),CLRD,New Mexico,884,45.1
2007,Chronic lower respiratory diseases (J40-J47),CLRD,Oklahoma,2386,62.1
2007,Chronic lower respiratory diseases (J40-J47),CLRD,Texas,8107,42.2
2007,Diabetes mellitus (E10-E14),Diabetes,Arizona,1159,18.3
2007,Diabetes mellitus (E10-E14),Diabetes,New Mexico,673,33.2
2007,Diabetes mellitus (E10-E14),Diabetes,Oklahoma,1148,29.8
2007,Diabetes mellitus (E10-E14),Diabetes,Texas,5109,25.3
2007,"Diseases of heart (I00-I09,I11,I13,I20-I51)",Heart disease,Arizona,10302,166.0
2007,"Diseases of heart (I00-I09,I11,I13,I20-I51)",Heart disease,New Mexico,3305,167.2
2007,"Diseases of heart (I00-I09,I11,I13,I20-I51)",Heart disease,Oklahoma,9602,251.1
2007,"Diseases of heart (I00-I09,I11,I13,I20-I51)",Heart disease,Texas,38912,200.1
2007,Influenza and pneumonia (J09-J18),Influenza and pneumonia,Arizona,905,14.8
2007,Influenza and pneumonia (J09-J18),Influenza and pneumonia,New Mexico,298,15.5
2007,Influenza and pneumonia (J09-J18),Influenza and pneumonia,Oklahoma,801,21.2
2007,Influenza and pneumonia (J09-J18),Influenza and pneumonia,Texas,3230,17.0
2007,"Intentional self-harm (suicide) (*U03,X60-X84,Y87.0)",Suicide,Arizona,1016,16.5
2007,"Intentional self-harm (suicide) (*U03,X60-X84,Y87.0)",Suicide,New Mexico,401,20.3
2007,"Intentional self-harm (suicide) (*U03,X60-X84,Y87.0)",Suicide,Oklahoma,531,14.7
2007,"Intentional self-harm (suicide) (*U03,X60-X84,Y87.0)",Suicide,Texas,2433,10.5
2007,Malignant neoplasms (C00-C97),Cancer,Arizona,10134,158.9
2007,Malignant neoplasms (C00-C97),Cancer,New Mexico,3238,158.1
2007,Malignant neoplasms (C00-C97),Cancer,Oklahoma,7727,198.5
2007,Malignant neoplasms (C00-C97),Cancer,Texas,35074,171.9
2007,"Nephritis, nephrotic syndrome and nephrosis (N00-N07,N17-N19,N25-N27)",Kidney disease,Arizona,528,8.5
2007,"Nephritis, nephrotic syndrome and nephrosis (N00-N07,N17-N19,N25-N27)",Kidney disease,New Mexico,252,12.8
2007,"Nephritis, nephrotic syndrome and nephrosis (N00-N07,N17-N19,N25-N27)",Kidney disease,Oklahoma,623,16.4
2007,"Nephritis, nephrotic syndrome and nephrosis (N00-N07,N17-N19,N25-N27)",Kidney disease,Texas,3291,17.0
2008,"Accidents (unintentional injuries) (V01-X59,Y85-Y86)",Unintentional injuries,Arizona,2956,47.3
2008,"Accidents (unintentional injuries) (V01-X59,Y85-Y86)",Unintentional injuries,New Mexico,1366,69.3
2008,"Accidents (unintentional injuries) (V01-X59,Y85-Y86)",Unintentional injuries,Oklahoma,2119,57.2
2008,"Accidents (unintentional injuries) (V01-X59,Y85-Y86)",Unintentional injuries,Texas,9189,40.4
2008,All Causes,All causes,Arizona,45823,714.5
2008,All Causes,All causes,New Mexico,16005,788.6
2008,All Causes,All causes,Oklahoma,37014,956.5
2008,All Causes,All causes,Texas,164914,803.6
2008,Alzheimer's disease (G30),Alzheimer's disease,Arizona,2099,34.0
2008,Alzheimer's disease (G30),Alzheimer's disease,New Mexico,366,19.0
2008,Alzheimer's disease (G30),Alzheimer's disease,Oklahoma,1061,28.0
2008,Alzheimer's disease (G30),Alzheimer's disease,Texas,5280,28.6
2008,Cerebrovascular diseases (I60-I69),Stroke,Arizona,2147,33.9
2008,Cerebrovascular diseases (I60-I69),Stroke,New Mexico,760,38.3
2008,Cerebrovascular diseases (I60-I69),Stroke,Oklahoma,2079,54.0
2008,Cerebrovascular diseases (I60-I69),Stroke,Texas,9629,49.2
2008,Chronic lower respiratory diseases (J40-J47),CLRD,Arizona,2939,45.5
2008,Chronic lower respiratory diseases (J40-J47),CLRD,New Mexico,1001,49.7
2008,Chronic lower respiratory diseases (J40-J47),CLRD,Oklahoma,2694,68.9
2008,Chronic lower respiratory diseases (J40-J47),CLRD,Texas,8874,45.1
2008,Diabetes mellitus (E10-E14),Diabetes,Arizona,1173,18.0
2008,Diabetes mellitus (E10-E14),Diabetes,New Mexico,582,28.3
2008,Diabetes mellitus (E10-E14),Diabetes,Oklahoma,1103,28.3
2008,Diabetes mellitus (E10-E14),Diabetes,Texas,5155,24.9
2008,"Diseases of heart (I00-I09,I11,I13,I20-I51)",Heart disease,Arizona,10385,162.3
2008,"Diseases of heart (I00-I09,I11,I13,I20-I51)",Heart disease,New Mexico,3275,161.3
2008,"Diseases of heart (I00-I09,I11,I13,I20-I51)",Heart disease,Oklahoma,9767,252.0
2008,"Diseases of heart (I00-I09,I11,I13,I20-I51)",Heart disease,Texas,38384,191.7
2008,Influenza and pneumonia (J09-J18),Influenza and pneumonia,Arizona,1068,16.8
2008,Influenza and pneumonia (J09-J18),Influenza and pneumonia,New Mexico,351,17.5
2008,Influenza and pneumonia (J09-J18),Influenza and pneumonia,Oklahoma,938,24.3
2008,Influenza and pneumonia (J09-J18),Influenza and pneumonia,Texas,3554,18.2
2008,"Intentional self-harm (suicide) (*U03,X60-X84,Y87.0)",Suicide,Arizona,972,15.5
2008,"Intentional self-harm (suicide) (*U03,X60-X84,Y87.0)",Suicide,New Mexico,419,20.9
2008,"Intentional self-harm (suicide) (*U03,X60-X84,Y87.0)",Suicide,Oklahoma,575,15.7
2008,"Intentional self-harm (suicide) (*U03,X60-X84,Y87.0)",Suicide,Texas,2552,10.8
2008,Malignant neoplasms (C00-C97),Cancer,Arizona,10081,153.2
2008,Malignant neoplasms (C00-C97),Cancer,New Mexico,3355,160.3
2008,Malignant neoplasms (C00-C97),Cancer,Oklahoma,7657,193.1
2008,Malignant neoplasms (C00-C97),Cancer,Texas,35713,169.9
2008,"Nephritis, nephrotic syndrome and nephrosis (N00-N07,N17-N19,N25-N27)",Kidney disease,Arizona,503,7.8
2008,"Nephritis, nephrotic syndrome and nephrosis (N00-N07,N17-N19,N25-N27)",Kidney disease,New Mexico,287,14.1
2008,"Nephritis, nephrotic syndrome and nephrosis (N00-N07,N17-N19,N25-N27)",Kidney disease,Oklahoma,664,17.2
2008,"Nephritis, nephrotic syndrome and nephrosis (N00-N07,N17-N19,N25-N27)",Kidney disease,Texas,3536,17.7
2009,"Accidents (unintentional injuries) (V01-X59,Y85-Y86)",Unintentional injuries,Arizona,2919,45.5
2009,"Accidents (unintentional injuries) (V01-X59,Y85-Y86)",Unintentional injuries,New Mexico,1281,63.8
2009,"Accidents (unintentional injuries) (V01-X59,Y85-Y86)",Unintentional injuries,Oklahoma,2284,61.2
2009,"Accidents (unintentional injuries) (V01-X59,Y85-Y86)",Unintentional injuries,Texas,9349,40.2
2009,All Causes,All causes,Arizona,45816,693.8
2009,All Causes,All causes,New Mexico,15643,749.8
2009,All Causes,All causes,Oklahoma,35601,903.8
2009,All Causes,All causes,Texas,163249,772.1
2009,Alzheimer's disease (G30),Alzheimer's disease,Arizona,2097,32.7
2009,Alzheimer's disease (G30),Alzheimer's disease,New Mexico,373,18.6
2009,Alzheimer's disease (G30),Alzheimer's disease,Oklahoma,993,25.8
2009,Alzheimer's disease (G30),Alzheimer's disease,Texas,5064,26.6
2009,Cerebrovascular diseases (I60-I69),Stroke,Arizona,2072,31.7
2009,Cerebrovascular diseases (I60-I69),Stroke,New Mexico,726,35.2
2009,Cerebrovascular diseases (I60-I69),Stroke,Oklahoma,1961,50.1
2009,Cerebrovascular diseases (I60-I69),Stroke,Texas,9137,45.2
2009,Chronic lower respiratory diseases (J40-J47),CLRD,Arizona,2839,42.7
2009,Chronic lower respiratory diseases (J40-J47),CLRD,New Mexico,984,47.1
2009,Chronic lower respiratory diseases (J40-J47),CLRD,Oklahoma,2595,65.1
2009,Chronic lower respiratory diseases (J40-J47),CLRD,Texas,8649,42.6
2009,Diabetes mellitus (E10-E14),Diabetes,Arizona,1083,16.2
2009,Diabetes mellitus (E10-E14),Diabetes,New Mexico,597,28.3
2009,Diabetes mellitus (E10-E14),Diabetes,Oklahoma,1146,28.7
2009,Diabetes mellitus (E10-E14),Diabetes,Texas,4873,22.8
2009,"Diseases of heart (I00-I09,I11,I13,I20-I51)",Heart disease,Arizona,10273,155.7
2009,"Diseases of heart (I00-I09,I11,I13,I20-I51)",Heart disease,New Mexico,3214,153.6
2009,"Diseases of heart (I00-I09,I11,I13,I20-I51)",Heart disease,Oklahoma,9202,232.6
2009,"Diseases of heart (I00-I09,I11,I13,I20-I51)",Heart disease,Texas,38077,184.1
2009,Influenza and pneumonia (J09-J18),Influenza and pneumonia,Arizona,1058,16.2
2009,Influenza and pneumonia (J09-J18),Influenza and pneumonia,New Mexico,344,16.7
2009,Influenza and pneumonia (J09-J18),Influenza and pneumonia,Oklahoma,879,22.6
2009,Influenza and pneumonia (J09-J18),Influenza and pneumonia,Texas,3387,16.5
2009,"Intentional self-harm (suicide) (*U03,X60-X84,Y87.0)",Suicide,Arizona,1060,16.7
2009,"Intentional self-harm (suicide) (*U03,X60-X84,Y87.0)",Suicide,New Mexico,376,18.2
2009,"Intentional self-harm (suicide) (*U03,X60-X84,Y87.0)",Suicide,Oklahoma,567,15.3
2009,"Intentional self-harm (suicide) (*U03,X60-X84,Y87.0)",Suicide,Texas,2809,11.6
2009,Malignant neoplasms (C00-C97),Cancer,Arizona,10271,152.0
2009,Malignant neoplasms (C00-C97),Cancer,New Mexico,3202,149.0
2009,Malignant neoplasms (C00-C97),Cancer,Oklahoma,7639,189.2
2009,Malignant neoplasms (C00-C97),Cancer,Texas,35591,164.4
2009,"Nephritis, nephrotic syndrome and nephrosis (N00-N07,N17-N19,N25-N27)",Kidney disease,Arizona,546,8.3
2009,"Nephritis, nephrotic syndrome and nephrosis (N00-N07,N17-N19,N25-N27)",Kidney disease,New Mexico,274,13.2
2009,"Nephritis, nephrotic syndrome and nephrosis (N00-N07,N17-N19,N25-N27)",Kidney disease,Oklahoma,637,16.2
2009,"Nephritis, nephrotic syndrome and nephrosis (N00-N07,N17-N19,N25-N27)",Kidney disease,Texas,3694,17.9
2010,"Accidents (unintentional injuries) (V01-X59,Y85-Y86)",Unintentional injuries,Arizona,3018,46.7
2010,"Accidents (unintentional injuries) (V01-X59,Y85-Y86)",Unintentional injuries,New Mexico,1233,60.7
2010,"Accidents (unintentional injuries) (V01-X59,Y85-Y86)",Unintentional injuries,Oklahoma,2288,60.3
2010,"Accidents (unintentional injuries) (V01-X59,Y85-Y86)",Unintentional injuries,Texas,9212,39.0
2010,All Causes,All causes,Arizona,46762,693.1
2010,All Causes,All causes,New Mexico,15931,749.0
2010,All Causes,All causes,Oklahoma,36529,915.5
2010,All Causes,All causes,Texas,166527,772.3
2010,Alzheimer's disease (G30),Alzheimer's disease,Arizona,2327,35.3
2010,Alzheimer's disease (G30),Alzheimer's disease,New Mexico,343,16.8
2010,Alzheimer's disease (G30),Alzheimer's disease,Oklahoma,1015,26.1
2010,Alzheimer's disease (G30),Alzheimer's disease,Texas,5209,26.8
2010,Cerebrovascular diseases (I60-I69),Stroke,Arizona,2138,31.9
2010,Cerebrovascular diseases (I60-I69),Stroke,New Mexico,806,38.4
2010,Cerebrovascular diseases (I60-I69),Stroke,Oklahoma,1980,50.0
2010,Cerebrovascular diseases (I60-I69),Stroke,Texas,9180,44.4
2010,Chronic lower respiratory diseases (J40-J47),CLRD,Arizona,2926,43.1
2010,Chronic lower respiratory diseases (J40-J47),CLRD,New Mexico,1022,47.7
2010,Chronic lower respiratory diseases (J40-J47),CLRD,Oklahoma,2720,67.4
2010,Chronic lower respiratory diseases (J40-J47),CLRD,Texas,8921,43.0
2010,Diabetes mellitus (E10-E14),Diabetes,Arizona,1389,20.3
2010,Diabetes mellitus (E10-E14),Diabetes,New Mexico,643,29.8
2010,Diabetes mellitus (E10-E14),Diabetes,Oklahoma,1089,26.9
2010,Diabetes mellitus (E10-E14),Diabetes,Texas,4744,21.6
2010,"Diseases of heart (I00-I09,I11,I13,I20-I51)",Heart disease,Arizona,9954,146.7
2010,"Diseases of heart (I00-I09,I11,I13,I20-I51)",Heart disease,New Mexico,3224,151.2
2010,"Diseases of heart (I00-I09,I11,I13,I20-I51)",Heart disease,Oklahoma,9426,235.2
2010,"Diseases of heart (I00-I09,I11,I13,I20-I51)",Heart disease,Texas,38253,181.1
2010,Influenza and pneumonia (J09-J18),Influenza and pneumonia,Arizona,768,11.4
2010,Influenza and pneumonia (J09-J18),Influenza and pneumonia,New Mexico,294,14.2
2010,Influenza and pneumonia (J09-J18),Influenza and pneumonia,Oklahoma,778,19.7
2010,Influenza and pneumonia (J09-J18),Influenza and pneumonia,Texas,3022,14.6
2010,"Intentional self-harm (suicide) (*U03,X60-X84,Y87.0)",Suicide,Arizona,1093,17.0
2010,"Intentional self-harm (suicide) (*U03,X60-X84,Y87.0)",Suicide,New Mexico,413,20.1
2010,"Intentional self-harm (suicide) (*U03,X60-X84,Y87.0)",Suicide,Oklahoma,618,16.5
2010,"Intentional self-harm (suicide) (*U03,X60-X84,Y87.0)",Suicide,Texas,2891,11.8
2010,Malignant neoplasms (C00-C97),Cancer,Arizona,10678,154.2
2010,Malignant neoplasms (C00-C97),Cancer,New Mexico,3358,152.4
2010,Malignant neoplasms (C00-C97),Cancer,Oklahoma,7831,191.3
2010,Malignant neoplasms (C00-C97),Cancer,Texas,36717,165.9
2010,"Nephritis, nephrotic syndrome and nephrosis (N00-N07,N17-N19,N25-N27)",Kidney disease,Arizona,537,7.9
2010,"Nephritis, nephrotic syndrome and nephrosis (N00-N07,N17-N19,N25-N27)",Kidney disease,New Mexico,276,13.1
2010,"Nephritis, nephrotic syndrome and nephrosis (N00-N07,N17-N19,N25-N27)",Kidney disease,Oklahoma,595,15.0
2010,"Nephritis, nephrotic syndrome and nephrosis (N00-N07,N17-N19,N25-N27)",Kidney disease,Texas,3878,18.4
2011,"Accidents (unintentional injuries) (V01-X59,Y85-Y86)",Unintentional injuries,Arizona,3096,46.8
2011,"Accidents (unintentional injuries) (V01-X59,Y85-Y86)",Unintentional injuries,New Mexico,1336,64.4
2011,"Accidents (unintentional injuries) (V01-X59,Y85-Y86)",Unintentional injuries,Oklahoma,2261,58.8
2011,"Accidents (unintentional injuries) (V01-X59,Y85-Y86)",Unintentional injuries,Texas,9410,38.7
2011,All Causes,All causes,Arizona,48381,688.9
2011,All Causes,All causes,New Mexico,16452,748.9
2011,All Causes,All causes,Oklahoma,37175,910.9
2011,All Causes,All causes,Texas,168640,751.6
2011,Alzheimer's disease (G30),Alzheimer's disease,Arizona,2348,33.7
2011,Alzheimer's disease (G30),Alzheimer's disease,New Mexico,423,19.8
2011,Alzheimer's disease (G30),Alzheimer's disease,Oklahoma,1130,28.2
2011,Alzheimer's disease (G30),Alzheimer's disease,Texas,5415,26.6
2011,Cerebrovascular diseases (I60-I69),Stroke,Arizona,2148,30.6
2011,Cerebrovascular diseases (I60-I69),Stroke,New Mexico,727,33.5
2011,Cerebrovascular diseases (I60-I69),Stroke,Oklahoma,1864,45.8
2011,Cerebrovascular diseases (I60-I69),Stroke,Texas,9065,41.9
2011,Chronic lower respiratory diseases (J40-J47),CLRD,Arizona,3166,44.5
2011,Chronic lower respiratory diseases (J40-J47),CLRD,New Mexico,1024,46.2
2011,Chronic lower respiratory diseases (J40-J47),CLRD,Oklahoma,2637,63.8
2011,Chronic lower respiratory diseases (J40-J47),CLRD,Texas,9097,42.3
2011,Diabetes mellitus (E10-E14),Diabetes,Arizona,1740,24.3
2011,Diabetes mellitus (E10-E14),Diabetes,New Mexico,612,27.3
2011,Diabetes mellitus (E10-E14),Diabetes,Oklahoma,1221,29.7
2011,Diabetes mellitus (E10-E14),Diabetes,Texas,5091,22.4
2011,"Diseases of heart (I00-I09,I11,I13,I20-I51)",Heart disease,Arizona,10662,150.3
2011,"Diseases of heart (I00-I09,I11,I13,I20-I51)",Heart disease,New Mexico,3333,150.3
2011,"Diseases of heart (I00-I09,I11,I13,I20-I51)",Heart disease,Oklahoma,9399,228.8
2011,"Diseases of heart (I00-I09,I11,I13,I20-I51)",Heart disease,Texas,38094,172.5
2011,Influenza and pneumonia (J09-J18),Influenza and pneumonia,Arizona,690,10.0
2011,Influenza and pneumonia (J09-J18),Influenza and pneumonia,New Mexico,355,16.5
2011,Influenza and pneumonia (J09-J18),Influenza and pneumonia,Oklahoma,863,21.1
2011,Influenza and pneumonia (J09-J18),Influenza and pneumonia,Texas,3055,14.2
2011,"Intentional self-harm (suicide) (*U03,X60-X84,Y87.0)",Suicide,Arizona,1160,17.8
2011,"Intentional self-harm (suicide) (*U03,X60-X84,Y87.0)",Suicide,New Mexico,420,20.3
2011,"Intentional self-harm (suicide) (*U03,X60-X84,Y87.0)",Suicide,Oklahoma,693,18.5
2011,"Intentional self-harm (suicide) (*U03,X60-X84,Y87.0)",Suicide,Texas,2896,11.5
2011,Malignant neoplasms (C00-C97),Cancer,Arizona,10690,148.5
2011,Malignant neoplasms (C00-C97),Cancer,New Mexico,3328,146.9
2011,Malignant neoplasms (C00-C97),Cancer,Oklahoma,7997,191.1
2011,Malignant neoplasms (C00-C97),Cancer,Texas,37351,162.3
2011,"Nephritis, nephrotic syndrome and nephrosis (N00-N07,N17-N19,N25-N27)",Kidney disease,Arizona,395,5.6
2011,"Nephritis, nephrotic syndrome and nephrosis (N00-N07,N17-N19,N25-N27)",Kidney disease,New Mexico,268,12.0
2011,"Nephritis, nephrotic syndrome and nephrosis (N00-N07,N17-N19,N25-N27)",Kidney disease,Oklahoma,550,13.4
2011,"Nephritis, nephrotic syndrome and nephrosis (N00-N07,N17-N19,N25-N27)",Kidney disease,Texas,3397,15.4
2012,"Accidents (unintentional injuries) (V01-X59,Y85-Y86)",Unintentional injuries,Arizona,3029,45.1
2012,"Accidents (unintentional injuries) (V01-X59,Y85-Y86)",Unintentional injuries,New Mexico,1351,65.0
2012,"Accidents (unintentional injuries) (V01-X59,Y85-Y86)",Unintentional injuries,Oklahoma,2388,61.6
2012,"Accidents (unintentional injuries) (V01-X59,Y85-Y86)",Unintentional injuries,Texas,9313,37.4
2012,All Causes,All causes,Arizona,49549,682.9
2012,All Causes,All causes,New Mexico,16710,744.6
2012,All Causes,All causes,Oklahoma,36870,891.5
2012,All Causes,All causes,Texas,174187,753.3
2012,Alzheimer's disease (G30),Alzheimer's disease,Arizona,2160,30.0
2012,Alzheimer's disease (G30),Alzheimer's disease,New Mexico,373,17.1
2012,Alzheimer's disease (G30),Alzheimer's disease,Oklahoma,1069,26.3
2012,Alzheimer's disease (G30),Alzheimer's disease,Texas,5175,24.6
2012,Cerebrovascular diseases (I60-I69),Stroke,Arizona,2164,29.9
2012,Cerebrovascular diseases (I60-I69),Stroke,New Mexico,677,30.3
2012,Cerebrovascular diseases (I60-I69),Stroke,Oklahoma,1893,45.7
2012,Cerebrovascular diseases (I60-I69),Stroke,Texas,9305,41.8
2012,Chronic lower respiratory diseases (J40-J47),CLRD,Arizona,3221,43.6
2012,Chronic lower respiratory diseases (J40-J47),CLRD,New Mexico,965,42.5
2012,Chronic lower respiratory diseases (J40-J47),CLRD,Oklahoma,2585,61.4
2012,Chronic lower respiratory diseases (J40-J47),CLRD,Texas,9524,42.7
2012,Diabetes mellitus (E10-E14),Diabetes,Arizona,1736,23.4
2012,Diabetes mellitus (E10-E14),Diabetes,New Mexico,652,28.3
2012,Diabetes mellitus (E10-E14),Diabetes,Oklahoma,1201,28.4
2012,Diabetes mellitus (E10-E14),Diabetes,Texas,5136,21.9
2012,"Diseases of heart (I00-I09,I11,I13,I20-I51)",Heart disease,Arizona,10689,145.5
2012,"Diseases of heart (I00-I09,I11,I13,I20-I51)",Heart disease,New Mexico,3352,147.8
2012,"Diseases of heart (I00-I09,I11,I13,I20-I51)",Heart disease,Oklahoma,9198,220.4
2012,"Diseases of heart (I00-I09,I11,I13,I20-I51)",Heart disease,Texas,39061,171.3
2012,Influenza and pneumonia (J09-J18),Influenza and pneumonia,Arizona,683,9.5
2012,Influenza and pneumonia (J09-J18),Influenza and pneumonia,New Mexico,281,12.5
2012,Influenza and pneumonia (J09-J18),Influenza and pneumonia,Oklahoma,573,13.8
2012,Influenza and pneumonia (J09-J18),Influenza and pneumonia,Texas,2974,13.4
2012,"Intentional self-harm (suicide) (*U03,X60-X84,Y87.0)",Suicide,Arizona,1156,17.3
2012,"Intentional self-harm (suicide) (*U03,X60-X84,Y87.0)",Suicide,New Mexico,442,21.3
2012,"Intentional self-harm (suicide) (*U03,X60-X84,Y87.0)",Suicide,Oklahoma,670,17.6
2012,"Intentional self-harm (suicide) (*U03,X60-X84,Y87.0)",Suicide,Texas,3037,11.9
2012,Malignant neoplasms (C00-C97),Cancer,Arizona,11085,148.6
2012,Malignant neoplasms (C00-C97),Cancer,New Mexico,3462,148.1
2012,Malignant neoplasms (C00-C97),Cancer,Oklahoma,8040,189.9
2012,Malignant neoplasms (C00-C97),Cancer,Texas,38142,160.3
2012,"Nephritis, nephrotic syndrome and nephrosis (N00-N07,N17-N19,N25-N27)",Kidney disease,Arizona,414,5.7
2012,"Nephritis, nephrotic syndrome and nephrosis (N00-N07,N17-N19,N25-N27)",Kidney disease,New Mexico,285,12.6
2012,"Nephritis, nephrotic syndrome and nephrosis (N00-N07,N17-N19,N25-N27)",Kidney disease,Oklahoma,554,13.4
2012,"Nephritis, nephrotic syndrome and nephrosis (N00-N07,N17-N19,N25-N27)",Kidney disease,Texas,3525,15.6
2013,"Accidents (unintentional injuries) (V01-X59,Y85-Y86)",Unintentional injuries,Arizona,3349,48.6
2013,"Accidents (unintentional injuries) (V01-X59,Y85-Y86)",Unintentional injuries,New Mexico,1245,59.0
2013,"Accidents (unintentional injuries) (V01-X59,Y85-Y86)",Unintentional injuries,Oklahoma,2474,62.7
2013,"Accidents (unintentional injuries) (V01-X59,Y85-Y86)",Unintentional injuries,Texas,9395,37.0
2013,All Causes,All causes,Arizona,50534,674.2
2013,All Causes,All causes,New Mexico,16805,731.8
2013,All Causes,All causes,Oklahoma,38384,910.7
2013,All Causes,All causes,Texas,179183,751.6
2013,Alzheimer's disease (G30),Alzheimer's disease,Arizona,2383,31.7
2013,Alzheimer's disease (G30),Alzheimer's disease,New Mexico,339,14.9
2013,Alzheimer's disease (G30),Alzheimer's disease,Oklahoma,1145,27.6
2013,Alzheimer's disease (G30),Alzheimer's disease,Texas,5293,24.3
2013,Cerebrovascular diseases (I60-I69),Stroke,Arizona,2162,28.6
2013,Cerebrovascular diseases (I60-I69),Stroke,New Mexico,689,30.0
2013,Cerebrovascular diseases (I60-I69),Stroke,Oklahoma,1880,44.5
2013,Cerebrovascular diseases (I60-I69),Stroke,Texas,9283,40.2
2013,Chronic lower respiratory diseases (J40-J47),CLRD,Arizona,3345,43.5
2013,Chronic lower respiratory diseases (J40-J47),CLRD,New Mexico,1052,44.7
2013,Chronic lower respiratory diseases (J40-J47),CLRD,Oklahoma,2680,62.4
2013,Chronic lower respiratory diseases (J40-J47),CLRD,Texas,9800,42.4
2013,Diabetes mellitus (E10-E14),Diabetes,Arizona,1786,23.5
2013,Diabetes mellitus (E10-E14),Diabetes,New Mexico,646,27.6
2013,Diabetes mellitus (E10-E14),Diabetes,Oklahoma,1269,29.9
2013,Diabetes mellitus (E10-E14),Diabetes,Texas,5273,21.6
2013,"Diseases of heart (I00-I09,I11,I13,I20-I51)",Heart disease,Arizona,10755,141.1
2013,"Diseases of heart (I00-I09,I11,I13,I20-I51)",Heart disease,New Mexico,3425,147.1
2013,"Diseases of heart (I00-I09,I11,I13,I20-I51)",Heart disease,Oklahoma,9721,228.5
2013,"Diseases of heart (I00-I09,I11,I13,I20-I51)",Heart disease,Texas,40203,170.7
2013,Influenza and pneumonia (J09-J18),Influenza and pneumonia,Arizona,776,10.4
2013,Influenza and pneumonia (J09-J18),Influenza and pneumonia,New Mexico,337,14.8
2013,Influenza and pneumonia (J09-J18),Influenza and pneumonia,Oklahoma,759,18.0
2013,Influenza and pneumonia (J09-J18),Influenza and pneumonia,Texas,3339,14.4
2013,"Intentional self-harm (suicide) (*U03,X60-X84,Y87.0)",Suicide,Arizona,1163,17.5
2013,"Intentional self-harm (suicide) (*U03,X60-X84,Y87.0)",Suicide,New Mexico,431,20.3
2013,"Intentional self-harm (suicide) (*U03,X60-X84,Y87.0)",Suicide,Oklahoma,665,17.2
2013,"Intentional self-harm (suicide) (*U03,X60-X84,Y87.0)",Suicide,Texas,3059,11.7
2013,Malignant neoplasms (C00-C97),Cancer,Arizona,11347,147.0
2013,Malignant neoplasms (C00-C97),Cancer,New Mexico,3482,145.4
2013,Malignant neoplasms (C00-C97),Cancer,Oklahoma,8039,185.7
2013,Malignant neoplasms (C00-C97),Cancer,Texas,38412,156.9
2013,"Nephritis, nephrotic syndrome and nephrosis (N00-N07,N17-N19,N25-N27)",Kidney disease,Arizona,374,4.9
2013,"Nephritis, nephrotic syndrome and nephrosis (N00-N07,N17-N19,N25-N27)",Kidney disease,New Mexico,302,13.2
2013,"Nephritis, nephrotic syndrome and nephrosis (N00-N07,N17-N19,N25-N27)",Kidney disease,Oklahoma,606,14.4
2013,"Nephritis, nephrotic syndrome and nephrosis (N00-N07,N17-N19,N25-N27)",Kidney disease,Texas,3722,15.9
2014,"Accidents (unintentional injuries) (V01-X59,Y85-Y86)",Unintentional injuries,Arizona,3322,47.0
2014,"Accidents (unintentional injuries) (V01-X59,Y85-Y86)",Unintentional injuries,New Mexico,1534,72.1
2014,"Accidents (unintentional injuries) (V01-X59,Y85-Y86)",Unintentional injuries,Oklahoma,2421,60.4
2014,"Accidents (unintentional injuries) (V01-X59,Y85-Y86)",Unintentional injuries,Texas,9723,37.3
2014,All Causes,All causes,Arizona,51538,661.7
2014,All Causes,All causes,New Mexico,17579,749.6
2014,All Causes,All causes,Oklahoma,38464,897.5
2014,All Causes,All causes,Texas,183912,745.3
2014,Alzheimer's disease (G30),Alzheimer's disease,Arizona,2485,31.6
2014,Alzheimer's disease (G30),Alzheimer's disease,New Mexico,442,18.9
2014,Alzheimer's disease (G30),Alzheimer's disease,Oklahoma,1227,28.9
2014,Alzheimer's disease (G30),Alzheimer's disease,Texas,6772,30.0
2014,Cerebrovascular diseases (I60-I69),Stroke,Arizona,2235,28.3
2014,Cerebrovascular diseases (I60-I69),Stroke,New Mexico,822,34.7
2014,Cerebrovascular diseases (I60-I69),Stroke,Oklahoma,1847,43.0
2014,Cerebrovascular diseases (I60-I69),Stroke,Texas,9898,41.6
2014,Chronic lower respiratory diseases (J40-J47),CLRD,Arizona,3396,42.2
2014,Chronic lower respiratory diseases (J40-J47),CLRD,New Mexico,1127,46.4
2014,Chronic lower respiratory diseases (J40-J47),CLRD,Oklahoma,2772,63.3
2014,Chronic lower respiratory diseases (J40-J47),CLRD,Texas,9668,40.5
2014,Diabetes mellitus (E10-E14),Diabetes,Arizona,1936,24.3
2014,Diabetes mellitus (E10-E14),Diabetes,New Mexico,671,27.5
2014,Diabetes mellitus (E10-E14),Diabetes,Oklahoma,1261,29.1
2014,Diabetes mellitus (E10-E14),Diabetes,Texas,5348,21.3
2014,"Diseases of heart (I00-I09,I11,I13,I20-I51)",Heart disease,Arizona,10805,136.4
2014,"Diseases of heart (I00-I09,I11,I13,I20-I51)",Heart disease,New Mexico,3424,143.3
2014,"Diseases of heart (I00-I09,I11,I13,I20-I51)",Heart disease,Oklahoma,9868,228.1
2014,"Diseases of heart (I00-I09,I11,I13,I20-I51)",Heart disease,Texas,41479,169.9
2014,Influenza and pneumonia (J09-J18),Influenza and pneumonia,Arizona,779,10.0
2014,Influenza and pneumonia (J09-J18),Influenza and pneumonia,New Mexico,376,16.1
2014,Influenza and pneumonia (J09-J18),Influenza and pneumonia,Oklahoma,723,16.8
2014,Influenza and pneumonia (J09-J18),Influenza and pneumonia,Texas,3452,14.2
2014,"Intentional self-harm (suicide) (*U03,X60-X84,Y87.0)",Suicide,Arizona,1244,18.0
2014,"Intentional self-harm (suicide) (*U03,X60-X84,Y87.0)",Suicide,New Mexico,449,21.0
2014,"Intentional self-harm (suicide) (*U03,X60-X84,Y87.0)",Suicide,Oklahoma,736,19.1
2014,"Intentional self-harm (suicide) (*U03,X60-X84,Y87.0)",Suicide,Texas,3254,12.2
2014,Malignant neoplasms (C00-C97),Cancer,Arizona,11455,142.7
2014,Malignant neoplasms (C00-C97),Cancer,New Mexico,3478,142.4
2014,Malignant neoplasms (C00-C97),Cancer,Oklahoma,7934,179.9
2014,Malignant neoplasms (C00-C97),Cancer,Texas,38847,152.9
2014,"Nephritis, nephrotic syndrome and nephrosis (N00-N07,N17-N19,N25-N27)",Kidney disease,Arizona,325,4.1
2014,"Nephritis, nephrotic syndrome and nephrosis (N00-N07,N17-N19,N25-N27)",Kidney disease,New Mexico,267,11.3
2014,"Nephritis, nephrotic syndrome and nephrosis (N00-N07,N17-N19,N25-N27)",Kidney disease,Oklahoma,604,14.2
2014,"Nephritis, nephrotic syndrome and nephrosis (N00-N07,N17-N19,N25-N27)",Kidney disease,Texas,4008,16.5
2015,"Accidents (unintentional injuries) (V01-X59,Y85-Y86)",Unintentional injuries,Arizona,3539,49.2
2015,"Accidents (unintentional injuries) (V01-X59,Y85-Y86)",Unintentional injuries,New Mexico,1430,67.3
2015,"Accidents (unintentional injuries) (V01-X59,Y85-Y86)",Unintentional injuries,Oklahoma,2422,60.1
2015,"Accidents (unintentional injuries) (V01-X59,Y85-Y86)",Unintentional injuries,Texas,9976,37.4
2015,All Causes,All causes,Arizona,54299,671.8
2015,All Causes,All causes,New Mexico,17685,741.5
2015,All Causes,All causes,Oklahoma,39422,904.3
2015,All Causes,All causes,Texas,189654,745.0
2015,Alzheimer's disease (G30),Alzheimer's disease,Arizona,2943,35.8
2015,Alzheimer's disease (G30),Alzheimer's disease,New Mexico,483,19.9
2015,Alzheimer's disease (G30),Alzheimer's disease,Oklahoma,1498,34.7
2015,Alzheimer's disease (G30),Alzheimer's disease,Texas,8903,38.2
2015,Cerebrovascular diseases (I60-I69),Stroke,Arizona,2522,30.7
2015,Cerebrovascular diseases (I60-I69),Stroke,New Mexico,786,32.5
2015,Cerebrovascular diseases (I60-I69),Stroke,Oklahoma,1881,43.0
2015,Cerebrovascular diseases (I60-I69),Stroke,Texas,10485,42.7
2015,Chronic lower respiratory diseases (J40-J47),CLRD,Arizona,3681,43.8
2015,Chronic lower respiratory diseases (J40-J47),CLRD,New Mexico,1109,44.7
2015,Chronic lower respiratory diseases (J40-J47),CLRD,Oklahoma,2924,65.8
2015,Chronic lower respiratory diseases (J40-J47),CLRD,Texas,10231,41.3
2015,Diabetes mellitus (E10-E14),Diabetes,Arizona,2081,25.3
2015,Diabetes mellitus (E10-E14),Diabetes,New Mexico,608,24.9
2015,Diabetes mellitus (E10-E14),Diabetes,Oklahoma,1442,32.4
2015,Diabetes mellitus (E10-E14),Diabetes,Texas,5521,21.2
2015,"Diseases of heart (I00-I09,I11,I13,I20-I51)",Heart disease,Arizona,11458,138.8
2015,"Diseases of heart (I00-I09,I11,I13,I20-I51)",Heart disease,New Mexico,3508,142.4
2015,"Diseases of heart (I00-I09,I11,I13,I20-I51)",Heart disease,Oklahoma,10310,234.0
2015,"Diseases of heart (I00-I09,I11,I13,I20-I51)",Heart disease,Texas,43298,171.6
2015,Influenza and pneumonia (J09-J18),Influenza and pneumonia,Arizona,775,9.5
2015,Influenza and pneumonia (J09-J18),Influenza and pneumonia,New Mexico,322,13.6
2015,Influenza and pneumonia (J09-J18),Influenza and pneumonia,Oklahoma,717,16.5
2015,Influenza and pneumonia (J09-J18),Influenza and pneumonia,Texas,3214,13.0
2015,"Intentional self-harm (suicide) (*U03,X60-X84,Y87.0)",Suicide,Arizona,1276,18.2
2015,"Intentional self-harm (suicide) (*U03,X60-X84,Y87.0)",Suicide,New Mexico,500,23.7
2015,"Intentional self-harm (suicide) (*U03,X60-X84,Y87.0)",Suicide,Oklahoma,790,20.3
2015,"Intentional self-harm (suicide) (*U03,X60-X84,Y87.0)",Suicide,Texas,3403,12.5
2015,Malignant neoplasms (C00-C97),Cancer,Arizona,11776,141.3
2015,Malignant neoplasms (C00-C97),Cancer,New Mexico,3591,143.3
2015,Malignant neoplasms (C00-C97),Cancer,Oklahoma,8280,184.3
2015,Malignant neoplasms (C00-C97),Cancer,Texas,39121,149.2
2015,"Nephritis, nephrotic syndrome and nephrosis (N00-N07,N17-N19,N25-N27)",Kidney disease,Arizona,458,5.5
2015,"Nephritis, nephrotic syndrome and nephrosis (N00-N07,N17-N19,N25-N27)",Kidney disease,New Mexico,316,12.9
2015,"Nephritis, nephrotic syndrome and nephrosis (N00-N07,N17-N19,N25-N27)",Kidney disease,Oklahoma,616,14.2
2015,"Nephritis, nephrotic syndrome and nephrosis (N00-N07,N17-N19,N25-N27)",Kidney disease,Texas,4052,16.1
2016,"Accidents (unintentional injuries) (V01-X59,Y85-Y86)",Unintentional injuries,Arizona,4010,54.2
2016,"Accidents (unintentional injuries) (V01-X59,Y85-Y86)",Unintentional injuries,New Mexico,1487,69.5
2016,"Accidents (unintentional injuries) (V01-X59,Y85-Y86)",Unintentional injuries,Oklahoma,2592,64.1
2016,"Accidents (unintentional injuries) (V01-X59,Y85-Y86)",Unintentional injuries,Texas,10536,38.6
2016,All Causes,All causes,Arizona,56645,675.8
2016,All Causes,All causes,New Mexico,18365,753.4
2016,All Causes,All causes,Oklahoma,39276,888.4
2016,All Causes,All causes,Texas,191966,730.6
2016,Alzheimer's disease (G30),Alzheimer's disease,Arizona,3082,35.8
2016,Alzheimer's disease (G30),Alzheimer's disease,New Mexico,583,23.5
2016,Alzheimer's disease (G30),Alzheimer's disease,Oklahoma,1590,36.1
2016,Alzheimer's disease (G30),Alzheimer's disease,Texas,9135,37.8
2016,Cerebrovascular diseases (I60-I69),Stroke,Arizona,2556,29.8
2016,Cerebrovascular diseases (I60-I69),Stroke,New Mexico,885,35.5
2016,Cerebrovascular diseases (I60-I69),Stroke,Oklahoma,1859,41.8
2016,Cerebrovascular diseases (I60-I69),Stroke,Texas,10673,42.0
2016,Chronic lower respiratory diseases (J40-J47),CLRD,Arizona,3800,43.5
2016,Chronic lower respiratory diseases (J40-J47),CLRD,New Mexico,1131,44.4
2016,Chronic lower respiratory diseases (J40-J47),CLRD,Oklahoma,2794,61.4
2016,Chronic lower respiratory diseases (J40-J47),CLRD,Texas,10107,39.5
2016,Diabetes mellitus (E10-E14),Diabetes,Arizona,2025,23.9
2016,Diabetes mellitus (E10-E14),Diabetes,New Mexico,678,27.2
2016,Diabetes mellitus (E10-E14),Diabetes,Oklahoma,1393,30.8
2016,Diabetes mellitus (E10-E14),Diabetes,Texas,5470,20.3
2016,"Diseases of heart (I00-I09,I11,I13,I20-I51)",Heart disease,Arizona,11957,138.9
2016,"Diseases of heart (I00-I09,I11,I13,I20-I51)",Heart disease,New Mexico,3800,150.6
2016,"Diseases of heart (I00-I09,I11,I13,I20-I51)",Heart disease,Oklahoma,10209,228.2
2016,"Diseases of heart (I00-I09,I11,I13,I20-I51)",Heart disease,Texas,43772,167.7
2016,Influenza and pneumonia (J09-J18),Influenza and pneumonia,Arizona,885,10.4
2016,Influenza and pneumonia (J09-J18),Influenza and pneumonia,New Mexico,353,14.6
2016,Influenza and pneumonia (J09-J18),Influenza and pneumonia,Oklahoma,546,12.4
2016,Influenza and pneumonia (J09-J18),Influenza and pneumonia,Texas,2860,11.1
2016,"Intentional self-harm (suicide) (*U03,X60-X84,Y87.0)",Suicide,Arizona,1271,17.7
2016,"Intentional self-harm (suicide) (*U03,X60-X84,Y87.0)",Suicide,New Mexico,471,22.5
2016,"Intentional self-harm (suicide) (*U03,X60-X84,Y87.0)",Suicide,Oklahoma,822,21.0
2016,"Intentional self-harm (suicide) (*U03,X60-X84,Y87.0)",Suicide,Texas,3488,12.6
2016,Malignant neoplasms (C00-C97),Cancer,Arizona,11876,136.8
2016,Malignant neoplasms (C00-C97),Cancer,New Mexico,3560,138.8
2016,Malignant neoplasms (C00-C97),Cancer,Oklahoma,8115,177.8
2016,Malignant neoplasms (C00-C97),Cancer,Texas,40195,148.5
2016,"Nephritis, nephrotic syndrome and nephrosis (N00-N07,N17-N19,N25-N27)",Kidney disease,Arizona,487,5.7
2016,"Nephritis, nephrotic syndrome and nephrosis (N00-N07,N17-N19,N25-N27)",Kidney disease,New Mexico,293,11.7
2016,"Nephritis, nephrotic syndrome and nephrosis (N00-N07,N17-N19,N25-N27)",Kidney disease,Oklahoma,577,12.9
2016,"Nephritis, nephrotic syndrome and nephrosis (N00-N07,N17-N19,N25-N27)",Kidney disease,Texas,4125,15.8
2017,"Accidents (unintentional injuries) (V01-X59,Y85-Y86)",Unintentional injuries,Arizona,4184,56.2
2017,"Accidents (unintentional injuries) (V01-X59,Y85-Y86)",Unintentional injuries,New Mexico,1460,68.3
2017,"Accidents (unintentional injuries) (V01-X59,Y85-Y86)",Unintentional injuries,Oklahoma,2563,62.5
2017,"Accidents (unintentional injuries) (V01-X59,Y85-Y86)",Unintentional injuries,Texas,10763,38.8
2017,All Causes,All causes,Arizona,57758,678.5
2017,All Causes,All causes,New Mexico,18673,754.7
2017,All Causes,All causes,Oklahoma,40452,902.4
2017,All Causes,All causes,Texas,198106,735.7
2017,Alzheimer's disease (G30),Alzheimer's disease,Arizona,3058,35.1
2017,Alzheimer's disease (G30),Alzheimer's disease,New Mexico,572,22.7
2017,Alzheimer's disease (G30),Alzheimer's disease,Oklahoma,1752,39.4
2017,Alzheimer's disease (G30),Alzheimer's disease,Texas,9545,38.5
2017,Cerebrovascular diseases (I60-I69),Stroke,Arizona,2681,30.8
2017,Cerebrovascular diseases (I60-I69),Stroke,New Mexico,878,34.8
2017,Cerebrovascular diseases (I60-I69),Stroke,Oklahoma,1947,43.3
2017,Cerebrovascular diseases (I60-I69),Stroke,Texas,10790,41.3
2017,Chronic lower respiratory diseases (J40-J47),CLRD,Arizona,3802,42.7
2017,Chronic lower respiratory diseases (J40-J47),CLRD,New Mexico,1143,44.2
2017,Chronic lower respiratory diseases (J40-J47),CLRD,Oklahoma,3035,65.9
2017,Chronic lower respiratory diseases (J40-J47),CLRD,Texas,10650,40.5
2017,Diabetes mellitus (E10-E14),Diabetes,Arizona,2054,23.7
2017,Diabetes mellitus (E10-E14),Diabetes,New Mexico,673,26.5
2017,Diabetes mellitus (E10-E14),Diabetes,Oklahoma,1398,30.6
2017,Diabetes mellitus (E10-E14),Diabetes,Texas,5832,21.2
2017,"Diseases of heart (I00-I09,I11,I13,I20-I51)",Heart disease,Arizona,12398,141.9
2017,"Diseases of heart (I00-I09,I11,I13,I20-I51)",Heart disease,New Mexico,3896,151.4
2017,"Diseases of heart (I00-I09,I11,I13,I20-I51)",Heart disease,Oklahoma,10772,237.2
2017,"Diseases of heart (I00-I09,I11,I13,I20-I51)",Heart disease,Texas,45346,169.2
2017,Influenza and pneumonia (J09-J18),Influenza and pneumonia,Arizona,876,10.1
2017,Influenza and pneumonia (J09-J18),Influenza and pneumonia,New Mexico,338,13.6
2017,Influenza and pneumonia (J09-J18),Influenza and pneumonia,Oklahoma,625,13.9
2017,Influenza and pneumonia (J09-J18),Influenza and pneumonia,Texas,2954,11.2
2017,"Intentional self-harm (suicide) (*U03,X60-X84,Y87.0)",Suicide,Arizona,1327,18.2
2017,"Intentional self-harm (suicide) (*U03,X60-X84,Y87.0)",Suicide,New Mexico,491,23.3
2017,"Intentional self-harm (suicide) (*U03,X60-X84,Y87.0)",Suicide,Oklahoma,756,19.1
2017,"Intentional self-harm (suicide) (*U03,X60-X84,Y87.0)",Suicide,Texas,3778,13.4
2017,Malignant neoplasms (C00-C97),Cancer,Arizona,12008,135.8
2017,Malignant neoplasms (C00-C97),Cancer,New Mexico,3620,138.3
2017,Malignant neoplasms (C00-C97),Cancer,Oklahoma,8203,177.3
2017,Malignant neoplasms (C00-C97),Cancer,Texas,40668,146.5
2017,"Nephritis, nephrotic syndrome and nephrosis (N00-N07,N17-N19,N25-N27)",Kidney disease,Arizona,540,6.2
2017,"Nephritis, nephrotic syndrome and nephrosis (N00-N07,N17-N19,N25-N27)",Kidney disease,New Mexico,330,12.9
2017,"Nephritis, nephrotic syndrome and nephrosis (N00-N07,N17-N19,N25-N27)",Kidney disease,Oklahoma,461,10.2
2017,"Nephritis, nephrotic syndrome and nephrosis (N00-N07,N17-N19,N25-N27)",Kidney disease,Texas,4256,16.0
